INSERT INTO
    `Member` (
        `mID`,
        `mAccount`,
        `mName`,
        `mEmail`,
        `mPhone`,
        `mRole`,
        `createDate`
    )
VALUES
    (1, 'buyer001', '王小明', 'buyer001@gmail.com', '0912345678', '買家', '2026-04-01'),
    (2, 'seller001', '陳大華', 'seller001@gmail.com', '0922333444', '賣家', '2026-04-02'),
    (3, 'buyer002', '李佳怡', 'buyer002@gmail.com', '0933444555', '買家', '2026-04-03'),
    (4, 'seller002', '林志豪', 'seller002@gmail.com', '0944555666', '賣家', '2026-04-04'),
    (5, 'buyer003', '張雅婷', 'buyer003@gmail.com', '0955666777', '買家', '2026-04-05'),
    (6, 'seller003', '黃柏翰', 'seller003@gmail.com', '0966777888', '賣家', '2026-04-06'),
    (7, 'buyer004', '吳承恩', 'buyer004@gmail.com', '0977888999', '買家', '2026-04-07'),
    (8, 'seller004', '蔡宜庭', 'seller004@gmail.com', '0988999000', '賣家', '2026-04-08');

-- (9, 'abc', '錯誤會員', 'wrong-email', '12345', '管理員', '2030-01-01') CONSTRAINT failed (mAccount / mEmail / mPhone / mRole / createDate)
-- (10, 'buyer001', '帳號重複', 'repeat@gmail.com', '0911111111', '買家', '2026-04-09') CONSTRAINT failed (mAccount UNIQUE)

-- ==========================================
-- Category 商品分類資料
-- ==========================================
INSERT INTO
    `Category` (`cID`, `cName`, `cDescription`)
VALUES
    (1, '手機', '二手手機與行動裝置'),
    (2, '筆電', '二手筆記型電腦與相關配件'),
    (3, '書籍', '課本、參考書與一般書籍'),
    (4, '服飾', '衣服、鞋子、包包與穿戴配件'),
    (5, '家電', '小型家電與生活電器'),
    (6, '遊戲娛樂', '遊戲主機、遊戲片與娛樂用品');

-- (7, '', '分類名稱不可為空') CONSTRAINT failed (cName)
-- (8, '手機', '分類名稱不可重複') CONSTRAINT failed (cName UNIQUE)

-- ==========================================
-- PaymentMethod 付款方式資料
-- ==========================================
INSERT INTO
    `PaymentMethod` (`pmID`, `methodName`)
VALUES
    (1, '信用卡'),
    (2, '銀行轉帳'),
    (3, '電子支付'),
    (4, '貨到付款');

-- (5, '現金付款') CONSTRAINT failed (methodName ENUM)
-- (6, '信用卡') CONSTRAINT failed (methodName UNIQUE)

-- ==========================================
-- ShipmentMethod 物流方式資料
-- ==========================================
INSERT INTO
    `ShipmentMethod` (`smID`, `methodName`)
VALUES
    (1, '超商取貨'),
    (2, '宅配'),
    (3, '面交');

-- (4, '空運') CONSTRAINT failed (methodName ENUM)
-- (5, '宅配') CONSTRAINT failed (methodName UNIQUE)

-- ==========================================
-- Product 商品資料
-- ==========================================
INSERT INTO
    `Product` (
        `pID`,
        `sellerID`,
        `cID`,
        `pName`,
        `description`,
        `price`,
        `pCondition`,
        `pStatus`,
        `postDate`
    )
VALUES
    (1, 2, 1, '二手 iPhone 14', '外觀良好，電池健康度 88%，附充電線。', 15000.00, '九成新', '已售出', '2026-04-10'),
    (2, 4, 2, 'ASUS VivoBook 15', '文書用筆電，功能正常，附原廠充電器。', 22000.00, '七成新', '已售出', '2026-04-11'),
    (3, 6, 3, '資料庫系統概論課本', '上課用書，內頁有少量筆記。', 280.00, '使用痕跡明顯', '已售出', '2026-04-12'),
    (4, 8, 4, 'Nike 後背包', '容量大，適合上課使用。', 600.00, '九成新', '已售出', '2026-04-13'),
    (5, 2, 5, '二手吹風機', '功能正常，外觀有使用痕跡。', 350.00, '七成新', '已售出', '2026-04-14'),
    (6, 4, 6, 'Nintendo Switch 遊戲片', '遊戲片保存良好，盒裝完整。', 900.00, '幾乎全新', '已售出', '2026-04-15'),
    (7, 6, 1, 'Samsung Galaxy S22', '螢幕無裂痕，附手機殼。', 9800.00, '九成新', '上架中', '2026-04-16'),
    (8, 8, 2, 'MacBook Air M1', '電池循環次數低，適合學生使用。', 18500.00, '幾乎全新', '上架中', '2026-04-17'),
    (9, 2, 3, '英文文法參考書', '考試用書，無缺頁。', 180.00, '七成新', '上架中', '2026-04-18'),
    (10, 4, 4, 'Uniqlo 外套', '尺寸 M，少穿，狀況良好。', 500.00, '九成新', '上架中', '2026-04-19'),
    (11, 6, 5, '電熱水壺', '正常使用，可快速加熱。', 450.00, '七成新', '已下架', '2026-04-20'),
    (12, 8, 6, 'PS4 手把', '右類比搖桿故障，適合維修或零件使用。', 300.00, '故障品', '已下架', '2026-04-21');

-- (13, 99, 1, '不存在賣家的商品', 'sellerID 不存在', 1000.00, '九成新', '上架中', '2026-04-22') CONSTRAINT failed (sellerID FK)
-- (14, 2, 1, '', '商品名稱不可為空', 1000.00, '九成新', '上架中', '2026-04-22') CONSTRAINT failed (pName)
-- (15, 2, 1, '錯誤價格商品', '價格不可小於等於 0', -100.00, '九成新', '上架中', '2026-04-22') CONSTRAINT failed (price)
-- (16, 2, 1, '錯誤狀況商品', '商品狀況不在允許範圍', 1000.00, '普通', '上架中', '2026-04-22') CONSTRAINT failed (pCondition ENUM)
-- (17, 2, 1, '錯誤狀態商品', '商品狀態不在允許範圍', 1000.00, '九成新', '販售中', '2026-04-22') CONSTRAINT failed (pStatus ENUM)

-- ==========================================
-- Order 訂單資料
-- ==========================================
INSERT INTO
    `Order` (`oID`, `buyerID`, `oDate`, `oStatus`, `totalAmount`)
VALUES
    (1, 1, '2026-04-22', '已完成', 15000.00),
    (2, 3, '2026-04-23', '已出貨', 22000.00),
    (3, 5, '2026-04-24', '已付款', 280.00),
    (4, 7, '2026-04-25', '待付款', 600.00),
    (5, 1, '2026-04-26', '已完成', 350.00),
    (6, 3, '2026-04-27', '已取消', 900.00);

-- (7, 99, '2026-04-28', '待付款', 1000.00) CONSTRAINT failed (buyerID FK)
-- (8, 1, '2030-01-01', '待付款', 1000.00) CONSTRAINT failed (oDate)
-- (9, 1, '2026-04-28', '處理中', 1000.00) CONSTRAINT failed (oStatus ENUM)
-- (10, 1, '2026-04-28', '待付款', -1.00) CONSTRAINT failed (totalAmount)

-- ==========================================
-- OrderDetail 訂單明細資料
-- ==========================================
INSERT INTO
    `OrderDetail` (`odID`, `oID`, `pID`, `quantity`, `dealPrice`)
VALUES
    (1, 1, 1, 1, 15000.00),
    (2, 2, 2, 1, 22000.00),
    (3, 3, 3, 1, 280.00),
    (4, 4, 4, 1, 600.00),
    (5, 5, 5, 1, 350.00),
    (6, 6, 6, 1, 900.00);

-- (7, 99, 7, 1, 9800.00) CONSTRAINT failed (oID FK)
-- (8, 1, 99, 1, 1000.00) CONSTRAINT failed (pID FK)
-- (9, 1, 7, 0, 1000.00) CONSTRAINT failed (quantity)
-- (10, 1, 7, 1, -100.00) CONSTRAINT failed (dealPrice)
-- (11, 1, 1, 1, 15000.00) CONSTRAINT failed (pID UNIQUE，商品不可重複被購買)

-- ==========================================
-- Invoice 發票 / 付款資料
-- ==========================================
INSERT INTO
    `Invoice` (`iID`, `oID`, `pmID`, `iDate`, `amount`, `paymentStatus`)
VALUES
    (1, 1, 1, '2026-04-22', 15000.00, '已付款'),
    (2, 2, 3, '2026-04-23', 22000.00, '已付款'),
    (3, 3, 2, '2026-04-24', 280.00, '已付款'),
    (4, 4, 4, NULL, 600.00, '未付款'),
    (5, 5, 3, '2026-04-26', 350.00, '已付款'),
    (6, 6, 1, NULL, 900.00, '付款失敗');

-- (7, 99, 1, '2026-04-28', 1000.00, '已付款') CONSTRAINT failed (oID FK)
-- (8, 1, 99, '2026-04-28', 15000.00, '已付款') CONSTRAINT failed (pmID FK)
-- (9, 1, 1, '2026-04-28', -100.00, '已付款') CONSTRAINT failed (amount)
-- (10, 1, 1, '2026-04-28', 15000.00, '付款中') CONSTRAINT failed (paymentStatus ENUM)
-- (11, 1, 1, '2026-04-28', 15000.00, '已付款') CONSTRAINT failed (oID UNIQUE，一筆訂單只能一張發票)

-- ==========================================
-- Shipment 出貨資料
-- ==========================================
INSERT INTO
    `Shipment` (`sID`, `oID`, `smID`, `sDate`, `sStatus`)
VALUES
    (1, 1, 1, '2026-04-23', '已送達'),
    (2, 2, 2, '2026-04-24', '配送中'),
    (3, 3, 1, NULL, '待出貨'),
    (4, 4, 3, NULL, '待出貨'),
    (5, 5, 2, '2026-04-27', '已送達'),
    (6, 6, 1, NULL, '已取消');

-- (7, 99, 1, '2026-04-28', '已寄出') CONSTRAINT failed (oID FK)
-- (8, 1, 99, '2026-04-28', '已寄出') CONSTRAINT failed (smID FK)
-- (9, 1, 1, NULL, '運送中') CONSTRAINT failed (sStatus ENUM)

-- ==========================================
-- Review 評價資料
-- ==========================================
INSERT INTO
    `Review` (`rID`, `oID`, `mID`, `score`, `comment`, `rDate`)
VALUES
    (1, 1, 1, 5, '商品保存良好，出貨速度快。', '2026-04-28'),
    (2, 5, 1, 4, '商品功能正常，包裝完整。', '2026-04-29');

-- (3, 99, 1, 5, '訂單不存在', '2026-04-30') CONSTRAINT failed (oID FK)
-- (4, 1, 99, 5, '會員不存在', '2026-04-30') CONSTRAINT failed (mID FK)
-- (5, 1, 1, 6, '評分超過範圍', '2026-04-30') CONSTRAINT failed (score)
-- (6, 1, 1, 5, '同一筆訂單不可重複評價', '2026-04-30') CONSTRAINT failed (oID UNIQUE)
